permission_template_id,permission_template_track_number,permission_template_name,fk_role_group_id,fk_permission_id,permission_template_is_active,permission_template_created_date,permission_template_created_by,permission_template_last_modified_date,permission_template_last_modified_by,fk_status_id,fk_approval_id
1,PETE-57820,Permission_template # PETE-57820,1,27,1,2020-12-21,1,2020-12-21 08:43:33,1,212,1002
3,PETE-50482,Permission_template # PETE-50482,1,130,1,2020-12-21,1,2020-12-21 08:43:33,1,212,1002
4,PETE-62399,Permission_template # PETE-62399,1,229,1,2020-12-21,1,2020-12-21 08:43:33,1,212,1002
6,PETE-80232,Permission_template # PETE-80232,2,131,1,2020-12-21,1,2020-12-21 08:45:19,1,212,1003
7,PETE-2052,Permission_template # PETE-2052,2,230,1,2020-12-21,1,2020-12-21 08:45:19,1,212,1003
9,PETE-63348,Permission_template # PETE-63348,4,23,"0",2020-12-21,1,2020-12-21 08:45:45,1,212,1003
10,PETE-39019,Permission_template # PETE-39019,2,26,1,2020-12-21,1,2020-12-21 08:45:45,1,212,1003
11,PETE-60056,Permission_template # PETE-60056,1,22,1,2020-12-21,1,2020-12-21 08:52:33,1,212,1002
13,PETE-40597,Permission_template # PETE-40597,3,19,1,2020-12-21,1,2020-12-21 09:59:40,1,212,1110
14,PETE-89865,Permission_template # PETE-89865,3,22,1,2020-12-21,1,2020-12-21 09:59:40,1,212,1110
15,PETE-18428,Permission_template # PETE-18428,3,26,1,2020-12-21,1,2020-12-21 09:59:40,1,212,1110
16,PETE-80933,Permission_template # PETE-80933,3,106,1,2020-12-21,1,2020-12-21 09:59:40,1,212,1110
18,PETE-6400,Permission_template # PETE-6400,3,114,1,2020-12-21,1,2020-12-21 09:59:40,1,212,1110
19,PETE-84889,Permission_template # PETE-84889,3,126,1,2020-12-21,1,2020-12-21 09:59:40,1,212,1110
20,PETE-59525,Permission_template # PETE-59525,3,130,1,2020-12-21,1,2020-12-21 09:59:40,1,212,1110
21,PETE-2286,Permission_template # PETE-2286,3,151,1,2020-12-21,1,2020-12-21 09:59:41,1,212,1110
22,PETE-18363,Permission_template # PETE-18363,3,155,1,2020-12-21,1,2020-12-21 09:59:41,1,212,1110
23,PETE-1891,Permission_template # PETE-1891,3,159,1,2020-12-21,1,2020-12-21 09:59:41,1,212,1110
24,PETE-88703,Permission_template # PETE-88703,3,179,1,2020-12-21,1,2020-12-21 09:59:41,1,212,1110
25,PETE-59127,Permission_template # PETE-59127,3,183,1,2020-12-21,1,2020-12-21 09:59:41,1,212,1110
26,PETE-89714,Permission_template # PETE-89714,3,191,1,2020-12-21,1,2020-12-21 09:59:41,1,212,1110
27,PETE-42126,Permission_template # PETE-42126,3,207,1,2020-12-21,1,2020-12-21 09:59:41,1,212,1110
28,PETE-26512,Permission_template # PETE-26512,3,223,1,2020-12-21,1,2020-12-21 09:59:41,1,212,1110
29,PETE-28240,Permission_template # PETE-28240,3,235,1,2020-12-21,1,2020-12-21 09:59:41,1,212,1110
30,PETE-16739,Permission_template # PETE-16739,3,271,1,2020-12-21,1,2020-12-21 09:59:41,1,212,1110
31,PETE-17545,Permission_template # PETE-17545,3,351,1,2020-12-21,1,2020-12-21 09:59:41,1,212,1110
32,PETE-39768,Permission_template # PETE-39768,3,355,1,2020-12-21,1,2020-12-21 09:59:41,1,212,1110
33,PETE-12313,Permission_template # PETE-12313,1,159,1,2020-12-21,1,2020-12-21 10:00:45,1,212,1002
34,PETE-42940,Permission_template # PETE-42940,3,339,1,2020-12-21,1,2020-12-21 10:41:12,1,212,1110
35,PETE-34960,Permission_template # PETE-34960,3,10,1,2020-12-21,23,2020-12-21 10:57:53,23,218,1110
36,PETE-51990,Permission_template # PETE-51990,3,163,1,2020-12-21,23,2020-12-21 10:57:54,23,218,1110
37,PETE-81049,Permission_template # PETE-81049,3,214,1,2020-12-21,23,2020-12-21 10:57:54,23,218,1110
38,PETE-40632,Permission_template # PETE-40632,3,167,1,2020-12-21,1,2020-12-21 11:06:26,1,212,1110
39,PETE-39071,Permission_template # PETE-39071,3,275,1,2020-12-21,1,2020-12-21 11:06:26,1,212,1110
40,PETE-26379,Permission_template # PETE-26379,3,279,1,2020-12-21,1,2020-12-21 11:06:26,1,212,1110
41,PETE-71101,Permission_template # PETE-71101,3,283,1,2020-12-21,1,2020-12-21 11:06:26,1,212,1110
42,PETE-40414,Permission_template # PETE-40414,3,287,1,2020-12-21,1,2020-12-21 11:06:26,1,212,1110
43,PETE-89954,Permission_template # PETE-89954,3,291,1,2020-12-21,1,2020-12-21 11:06:26,1,212,1110
44,PETE-79161,Permission_template # PETE-79161,3,319,1,2020-12-21,1,2020-12-21 11:17:38,1,212,1110
45,PETE-55655,Permission_template # PETE-55655,3,383,1,2021-01-14,1,2021-01-14 05:06:14,1,212,1110
46,PETE-26842,Permission_template # PETE-26842,3,375,"0",2021-02-03,1,2021-02-03 08:49:57,1,212,1110
47,PETE-68541,Permission_template # PETE-68541,3,379,"0",2021-02-03,1,2021-02-03 08:50:29,1,212,1110
48,PETE-14070,Permission_template # PETE-14070,3,387,"0",2021-02-03,1,2021-02-03 08:50:29,1,212,1110
49,PETE-22997,Permission_template # PETE-22997,3,403,1,2021-02-16,1,2021-02-16 09:39:22,1,212,1110
50,PETE-76408,Permission_template # PETE-76408,5,21,1,2021-02-26,1,2021-02-26 05:07:56,1,212,20293
51,PETE-4176,Permission_template # PETE-4176,5,26,1,2021-02-26,1,2021-02-26 05:07:56,1,212,20293
53,PETE-13648,Permission_template # PETE-13648,5,130,1,2021-02-26,1,2021-02-26 05:07:56,1,212,20293
54,PETE-66565,Permission_template # PETE-66565,5,230,1,2021-02-26,1,2021-02-26 05:07:56,1,212,20293
55,PETE-76290,Permission_template # PETE-76290,5,266,1,2021-02-26,1,2021-02-26 05:07:56,1,212,20293
56,PETE-50032,Permission_template # PETE-50032,5,399,1,2021-02-26,1,2021-02-26 05:22:39,1,212,20293
57,PETE-15481,Permission_template # PETE-15481,3,399,1,2021-02-26,1,2021-02-26 05:23:12,1,212,1110
58,PETE-64482,Permission_template # PETE-64482,6,22,1,2021-03-09,1,2021-03-09 12:02:52,1,212,21115
59,PETE-53345,Permission_template # PETE-53345,6,26,1,2021-03-09,1,2021-03-09 12:02:52,1,212,21115
61,PETE-16695,Permission_template # PETE-16695,6,266,1,2021-03-09,1,2021-03-09 12:02:52,1,212,21115
62,PETE-32707,Permission_template # PETE-32707,1,269,1,2021-07-26,1,2021-07-26 10:51:55,1,212,1002
63,PETE-29103,Permission_template # PETE-29103,3,359,1,2021-08-02,1,2021-08-02 09:18:25,1,212,1110
64,PETE-25753,Permission_template # PETE-25753,3,363,1,2021-08-02,1,2021-08-02 09:18:25,1,212,1110
65,PETE-27538,Permission_template # PETE-27538,6,131,1,2021-08-18,1,2021-08-18 11:24:41,1,212,75794
66,PETE-76691,Permission_template # PETE-76691,3,131,1,2021-08-18,1,2021-08-18 11:26:33,1,212,75807
67,PETE-40793,Permission_template # PETE-40793,3,230,1,2021-08-18,1,2021-08-18 11:49:39,1,212,75823
68,PETE-69474,Permission_template # PETE-69474,7,23,1,2021-09-09,100,2021-09-09 13:34:53,100,218,84131
69,PETE-5107,Permission_template # PETE-5107,7,26,1,2021-09-09,100,2021-09-09 13:34:53,100,218,84131
71,PETE-24060,Permission_template # PETE-24060,7,130,1,2021-09-09,100,2021-09-09 13:34:53,100,218,84131
72,PETE-42907,Permission_template # PETE-42907,7,230,1,2021-09-09,100,2021-09-09 13:34:53,100,218,84131
73,PETE-67575,Permission_template # PETE-67575,7,399,1,2021-09-09,100,2021-09-09 13:46:15,100,218,84131
74,PETE-85553,Permission_template # PETE-85553,8,21,1,2021-09-09,220,2021-09-09 21:52:38,220,218,121088
75,PETE-44557,Permission_template # PETE-44557,8,419,1,2021-09-10,1,2021-09-10 08:59:13,1,212,121088
78,PETE-82146,Permission_template # PETE-82146,1,423,1,2021-09-14,1,2021-09-14 12:46:19,1,212,1002
80,PETE-30015,Permission_template # PETE-30015,3,422,1,2021-09-15,1,2021-09-15 05:31:55,1,212,1110
82,PETE-9118,Permission_template # PETE-9118,5,422,1,2021-09-15,1,2021-09-15 05:45:38,1,212,20293
83,PETE-33086,Permission_template # PETE-33086,4,423,"0",2021-09-16,1,2021-09-16 09:41:27,1,212,1133
85,PETE-76280,Permission_template # PETE-76280,4,423,1,2021-09-16,1,2021-09-16 09:46:01,1,212,1133
86,PETE-10331,Permission_template # PETE-10331,7,167,"0",2021-10-05,1,2021-10-05 12:07:04,1,212,84131
87,PETE-58354,Permission_template # PETE-58354,7,215,"0",2021-10-05,1,2021-10-05 12:07:04,1,212,84131
88,PETE-53345,Permission_template # PETE-53345,7,275,"0",2021-10-05,1,2021-10-05 12:07:04,1,212,84131
89,PETE-3060,Permission_template # PETE-3060,7,279,"0",2021-10-05,1,2021-10-05 12:07:04,1,212,84131
90,PETE-49940,Permission_template # PETE-49940,7,283,"0",2021-10-05,1,2021-10-05 12:07:04,1,212,84131
91,PETE-39551,Permission_template # PETE-39551,7,287,"0",2021-10-05,1,2021-10-05 12:07:04,1,212,84131
92,PETE-76902,Permission_template # PETE-76902,7,291,"0",2021-10-05,1,2021-10-05 12:07:05,1,212,84131
93,PETE-41630,Permission_template # PETE-41630,9,23,1,2021-10-09,69,2021-10-09 07:39:22,69,779,212073
94,PETE-32705,Permission_template # PETE-32705,9,26,1,2021-10-09,69,2021-10-09 07:39:22,69,779,212073
95,PETE-6222,Permission_template # PETE-6222,9,130,1,2021-10-09,69,2021-10-09 07:39:22,69,779,212073
96,PETE-18659,Permission_template # PETE-18659,9,167,1,2021-10-09,69,2021-10-09 07:39:22,69,779,212073
97,PETE-61534,Permission_template # PETE-61534,9,214,1,2021-10-09,69,2021-10-09 07:39:22,69,779,212073
98,PETE-2429,Permission_template # PETE-2429,9,223,1,2021-10-09,69,2021-10-09 07:39:22,69,779,212073
99,PETE-30301,Permission_template # PETE-30301,9,230,1,2021-10-09,69,2021-10-09 07:39:22,69,779,212073
100,PETE-63173,Permission_template # PETE-63173,9,275,1,2021-10-09,69,2021-10-09 07:39:22,69,779,212073
101,PETE-28965,Permission_template # PETE-28965,9,279,1,2021-10-09,69,2021-10-09 07:39:22,69,779,212073
102,PETE-37034,Permission_template # PETE-37034,9,283,1,2021-10-09,69,2021-10-09 07:39:22,69,779,212073
103,PETE-78710,Permission_template # PETE-78710,9,287,1,2021-10-09,69,2021-10-09 07:39:22,69,779,212073
104,PETE-4694,Permission_template # PETE-4694,9,291,1,2021-10-09,69,2021-10-09 07:39:22,69,779,212073
105,PETE-47860,Permission_template # PETE-47860,9,422,1,2021-10-09,69,2021-10-09 07:40:26,69,779,212073
106,PETE-66909,Permission_template # PETE-66909,9,266,1,2021-10-09,69,2021-10-09 07:41:38,69,779,212073
107,PETE-47944,Permission_template # PETE-47944,10,397,1,2021-10-09,69,2021-10-09 07:45:46,69,779,212095
108,PETE-73491,Permission_template # PETE-73491,9,18,1,2021-10-09,69,2021-10-09 12:21:11,69,779,212073
109,PETE-64097,Permission_template # PETE-64097,9,155,1,2021-10-09,69,2021-10-09 12:21:11,69,779,212073
110,PETE-67362,Permission_template # PETE-67362,11,22,1,2021-10-09,69,2021-10-09 13:10:59,69,779,213025
111,PETE-60491,Permission_template # PETE-60491,11,26,1,2021-10-09,69,2021-10-09 13:10:59,69,779,213025
112,PETE-77022,Permission_template # PETE-77022,11,229,1,2021-10-09,69,2021-10-09 13:10:59,69,779,213025
113,PETE-80647,Permission_template # PETE-80647,11,266,1,2021-10-09,69,2021-10-09 13:10:59,69,779,213025
114,PETE-29161,Permission_template # PETE-29161,11,271,1,2021-10-09,69,2021-10-09 13:10:59,69,779,213025
115,PETE-42027,Permission_template # PETE-42027,11,422,1,2021-10-09,69,2021-10-09 13:10:59,69,779,213025
116,PETE-28155,Permission_template # PETE-28155,12,27,"0",2021-10-10,69,2021-10-10 21:33:32,69,779,217774
117,PETE-25224,Permission_template # PETE-25224,12,131,1,2021-10-10,69,2021-10-10 21:33:32,69,779,217774
118,PETE-65249,Permission_template # PETE-65249,12,222,"0",2021-10-10,69,2021-10-10 21:33:32,69,779,217774
119,PETE-29401,Permission_template # PETE-29401,12,230,1,2021-10-10,69,2021-10-10 21:33:32,69,779,217774
120,PETE-36356,Permission_template # PETE-36356,12,266,1,2021-10-10,69,2021-10-10 21:33:32,69,779,217774
121,PETE-51695,Permission_template # PETE-51695,12,270,1,2021-10-10,69,2021-10-10 21:33:32,69,779,217774
122,PETE-81472,Permission_template # PETE-81472,12,399,1,2021-10-10,69,2021-10-10 21:33:33,69,779,217774
123,PETE-40728,Permission_template # PETE-40728,12,423,1,2021-10-10,69,2021-10-10 21:33:33,69,779,217774
124,PETE-33557,Permission_template # PETE-33557,11,130,1,2021-10-10,69,2021-10-10 21:54:31,69,779,213025
125,PETE-20421,Permission_template # PETE-20421,12,22,1,2021-10-14,69,2021-10-14 06:09:09,69,779,217774
126,PETE-53942,Permission_template # PETE-53942,13,23,1,2021-10-14,69,2021-10-14 09:29:17,69,779,224754
127,PETE-57013,Permission_template # PETE-57013,13,271,1,2021-10-19,1,2021-10-19 09:54:52,1,212,224754
128,PETE-10996,Permission_template # PETE-10996,7,27,1,2021-10-21,24,2021-10-21 14:51:19,24,218,84131
129,PETE-8846,Permission_template # PETE-8846,1,271,1,2021-10-29,1,2021-10-29 07:53:03,1,212,1002
130,PETE-34116,Permission_template # PETE-34116,8,415,1,2021-10-29,30,2021-10-29 12:21:39,30,218,121088
131,PETE-78820,Permission_template # PETE-78820,14,21,1,2021-11-03,39,2021-11-03 07:54:35,39,216,811019
132,PETE-32594,Permission_template # PETE-32594,9,399,1,2021-11-04,69,2021-11-04 12:16:22,69,779,212073
133,PETE-22163,Permission_template # PETE-22163,8,179,1,2021-11-05,23,2021-11-05 07:22:04,23,218,121088
134,PETE-41904,Permission_template # PETE-41904,3,178,1,2021-11-05,1,2021-11-05 07:57:15,1,212,1110
135,PETE-71375,Permission_template # PETE-71375,13,178,1,2021-11-05,1,2021-11-05 07:58:00,1,212,224754
136,PETE-68744,Permission_template # PETE-68744,3,419,1,2021-11-05,1,2021-11-05 08:06:22,1,212,1110
137,PETE-46426,Permission_template # PETE-46426,3,631,1,2021-11-05,1,2021-11-05 08:08:35,1,212,1110
138,PETE-87427,Permission_template # PETE-87427,8,535,"0",2021-11-10,30,2021-11-10 09:16:45,30,218,121088
139,PETE-24283,Permission_template # PETE-24283,8,543,"0",2021-11-10,30,2021-11-10 09:16:45,30,218,121088
140,PETE-55072,Permission_template # PETE-55072,8,551,"0",2021-11-10,30,2021-11-10 09:16:45,30,218,121088
141,PETE-52753,Permission_template # PETE-52753,8,539,"0",2021-11-10,30,2021-11-10 10:00:23,30,218,121088
142,PETE-60373,Permission_template # PETE-60373,8,547,"0",2021-11-10,30,2021-11-10 10:00:24,30,218,121088
143,PETE-28292,Permission_template # PETE-28292,8,555,"0",2021-11-10,30,2021-11-10 10:00:24,30,218,121088
144,PETE-49075,Permission_template # PETE-49075,13,179,1,2022-01-05,1,2022-01-05 10:15:40,1,212,224754
145,PETE-65706,Permission_template # PETE-65706,15,22,1,2022-02-10,31,2022-02-10 10:18:22,31,218,2216734
146,PETE-51179,Permission_template # PETE-51179,15,26,1,2022-02-10,31,2022-02-10 10:18:22,31,218,2216734
147,PETE-44171,Permission_template # PETE-44171,15,130,1,2022-02-10,31,2022-02-10 10:18:22,31,218,2216734
148,PETE-70957,Permission_template # PETE-70957,15,422,1,2022-02-10,31,2022-02-10 10:18:22,31,218,2216734
149,PETE-67493,Permission_template # PETE-67493,15,230,1,2022-02-10,31,2022-02-10 10:26:06,31,218,2216734
150,PETE-75697,Permission_template # PETE-75697,13,415,1,2022-03-28,1,2022-03-28 09:35:26,1,212,224754
173,PETE-42840,Permission_template # PETE-42840,17,23,1,2022-04-29,1,2022-04-29 09:34:32,1,212,3305055
174,PETE-82455,Permission_template # PETE-82455,17,26,1,2022-04-29,1,2022-04-29 09:34:32,1,212,3305055
175,PETE-16698,Permission_template # PETE-16698,17,130,1,2022-04-29,1,2022-04-29 09:34:32,1,212,3305055
176,PETE-59798,Permission_template # PETE-59798,17,230,1,2022-04-29,1,2022-04-29 09:34:32,1,212,3305055
177,PETE-19010,Permission_template # PETE-19010,17,270,1,2022-04-29,1,2022-04-29 09:34:32,1,212,3305055
178,PETE-12202,Permission_template # PETE-12202,17,383,1,2022-04-29,1,2022-04-29 09:34:32,1,212,3305055
179,PETE-31969,Permission_template # PETE-31969,17,399,1,2022-04-29,1,2022-04-29 09:34:32,1,212,3305055
180,PETE-3606,Permission_template # PETE-3606,17,415,1,2022-04-29,1,2022-04-29 09:34:32,1,212,3305055
181,PETE-61590,Permission_template # PETE-61590,17,422,1,2022-04-29,1,2022-04-29 09:34:32,1,212,3305055
182,PETE-37882,Permission_template # PETE-37882,18,22,1,2022-04-29,1,2022-04-29 09:37:10,1,212,3305059
183,PETE-25090,Permission_template # PETE-25090,18,27,1,2022-04-29,1,2022-04-29 09:37:10,1,212,3305059
184,PETE-78374,Permission_template # PETE-78374,18,131,1,2022-04-29,1,2022-04-29 09:37:10,1,212,3305059
185,PETE-46979,Permission_template # PETE-46979,18,231,1,2022-04-29,1,2022-04-29 09:37:10,1,212,3305059
186,PETE-35113,Permission_template # PETE-35113,18,271,1,2022-04-29,1,2022-04-29 09:37:10,1,212,3305059
187,PETE-19187,Permission_template # PETE-19187,18,382,1,2022-04-29,1,2022-04-29 09:37:10,1,212,3305059
188,PETE-83864,Permission_template # PETE-83864,18,398,1,2022-04-29,1,2022-04-29 09:37:10,1,212,3305059
189,PETE-77181,Permission_template # PETE-77181,18,423,1,2022-04-29,1,2022-04-29 09:37:10,1,212,3305059
190,PETE-38335,Permission_template # PETE-38335,19,22,1,2022-04-29,1,2022-04-29 09:40:34,1,212,3305422
191,PETE-33723,Permission_template # PETE-33723,19,26,1,2022-04-29,1,2022-04-29 09:40:34,1,212,3305422
192,PETE-20743,Permission_template # PETE-20743,19,130,1,2022-04-29,1,2022-04-29 09:40:34,1,212,3305422
193,PETE-52933,Permission_template # PETE-52933,19,230,1,2022-04-29,1,2022-04-29 09:40:34,1,212,3305422
194,PETE-33827,Permission_template # PETE-33827,19,270,1,2022-04-29,1,2022-04-29 09:40:34,1,212,3305422
195,PETE-6978,Permission_template # PETE-6978,19,398,1,2022-04-29,1,2022-04-29 09:40:34,1,212,3305422
196,PETE-67276,Permission_template # PETE-67276,19,422,1,2022-04-29,1,2022-04-29 09:40:34,1,212,3305422
218,PETE-88945,Permission_template # PETE-88945,16,10,1,2022-04-29,1,2022-04-29 11:54:07,1,212,3305052
219,PETE-88328,Permission_template # PETE-88328,16,19,1,2022-04-29,1,2022-04-29 11:54:07,1,212,3305052
220,PETE-18611,Permission_template # PETE-18611,16,106,1,2022-04-29,1,2022-04-29 11:54:59,1,212,3305052
221,PETE-88927,Permission_template # PETE-88927,16,126,1,2022-04-29,1,2022-04-29 11:54:59,1,212,3305052
222,PETE-76235,Permission_template # PETE-76235,16,270,1,2022-04-29,1,2022-04-29 11:54:59,1,212,3305052
223,PETE-5712,Permission_template # PETE-5712,16,151,1,2022-04-29,1,2022-04-29 11:57:47,1,212,3305052
224,PETE-5624,Permission_template # PETE-5624,16,155,1,2022-04-29,1,2022-04-29 11:57:47,1,212,3305052
225,PETE-19758,Permission_template # PETE-19758,16,163,1,2022-04-29,1,2022-04-29 11:57:47,1,212,3305052
226,PETE-70085,Permission_template # PETE-70085,16,179,1,2022-04-29,1,2022-04-29 11:57:47,1,212,3305052
227,PETE-16152,Permission_template # PETE-16152,16,183,1,2022-04-29,1,2022-04-29 11:57:47,1,212,3305052
228,PETE-60266,Permission_template # PETE-60266,16,191,1,2022-04-29,1,2022-04-29 11:57:47,1,212,3305052
229,PETE-41710,Permission_template # PETE-41710,16,207,1,2022-04-29,1,2022-04-29 11:57:47,1,212,3305052
230,PETE-49248,Permission_template # PETE-49248,16,223,1,2022-04-29,1,2022-04-29 11:57:47,1,212,3305052
231,PETE-87547,Permission_template # PETE-87547,16,235,1,2022-04-29,1,2022-04-29 11:57:47,1,212,3305052
232,PETE-42568,Permission_template # PETE-42568,16,339,1,2022-04-29,1,2022-04-29 11:57:47,1,212,3305052
233,PETE-68868,Permission_template # PETE-68868,16,359,1,2022-04-29,1,2022-04-29 11:57:47,1,212,3305052
234,PETE-2351,Permission_template # PETE-2351,16,363,1,2022-04-29,1,2022-04-29 11:57:47,1,212,3305052
235,PETE-69827,Permission_template # PETE-69827,16,351,1,2022-04-29,1,2022-04-29 12:00:41,1,212,3305052
236,PETE-4243,Permission_template # PETE-4243,16,355,1,2022-04-29,1,2022-04-29 12:00:41,1,212,3305052
237,PETE-83528,Permission_template # PETE-83528,16,403,1,2022-04-29,1,2022-04-29 12:00:41,1,212,3305052
238,PETE-85259,Permission_template # PETE-85259,16,419,1,2022-04-29,1,2022-04-29 12:00:41,1,212,3305052
239,PETE-86400,Permission_template # PETE-86400,3,675,1,2022-06-19,1,2022-06-19 16:49:18,1,212,1110
240,PETE-4399,Permission_template # PETE-4399,3,666,1,2022-06-19,1,2022-06-19 16:50:49,1,212,1110
241,PETE-83907,Permission_template # PETE-83907,20,667,1,2022-06-19,1,2022-06-19 18:21:23,1,212,3815320
242,PETE-13438,Permission_template # PETE-13438,21,659,1,2022-06-19,1,2022-06-19 18:25:06,1,212,3815329
243,PETE-4893,Permission_template # PETE-4893,21,666,1,2022-06-19,1,2022-06-19 18:25:06,1,212,3815329
244,PETE-70831,Permission_template # PETE-70831,20,27,1,2022-06-19,1,2022-06-19 18:30:44,1,212,3815320
245,PETE-56321,Permission_template # PETE-56321,20,130,1,2022-06-19,1,2022-06-19 18:30:44,1,212,3815320
246,PETE-2992,Permission_template # PETE-2992,20,231,1,2022-06-19,1,2022-06-19 18:30:44,1,212,3815320
247,PETE-13868,Permission_template # PETE-13868,20,271,1,2022-06-19,1,2022-06-19 18:30:44,1,212,3815320
248,PETE-15980,Permission_template # PETE-15980,20,423,1,2022-06-19,1,2022-06-19 18:30:44,1,212,3815320
249,PETE-86424,Permission_template # PETE-86424,22,131,1,2022-06-20,1,2022-06-20 04:11:49,1,212,3816083
250,PETE-14233,Permission_template # PETE-14233,22,230,1,2022-06-20,1,2022-06-20 04:11:49,1,212,3816083
251,PETE-62898,Permission_template # PETE-62898,22,270,1,2022-06-20,1,2022-06-20 04:11:49,1,212,3816083
252,PETE-53924,Permission_template # PETE-53924,23,666,1,2022-06-20,1,2022-06-20 04:45:51,1,212,3816176
253,PETE-52281,Permission_template # PETE-52281,3,663,1,2022-06-20,1,2022-06-20 04:51:10,1,212,1110
255,PETE-57424,Permission_template # PETE-57424,16,607,1,2022-07-18,1,2022-07-18 13:28:33,1,212,3305052
256,PETE-69474,Permission_template # PETE-69474,24,682,1,2022-07-22,1,2022-07-22 07:15:12,1,212,5174491
257,PETE-65993,Permission_template # PETE-65993,25,683,1,2022-07-22,1,2022-07-22 07:16:30,1,212,5174496
258,PETE-15372,Permission_template # PETE-15372,25,27,1,2022-12-01,424,2022-12-01 09:14:37,424,218,5174496
259,PETE-4074,Permission_template # PETE-4074,26,22,1,2022-12-05,1,2022-12-05 12:52:53,1,212,9571203
260,PETE-42503,Permission_template # PETE-42503,26,26,1,2022-12-05,1,2022-12-05 12:52:53,1,212,9571203
261,PETE-27147,Permission_template # PETE-27147,26,130,1,2022-12-05,1,2022-12-05 12:52:53,1,212,9571203
262,PETE-14839,Permission_template # PETE-14839,26,230,1,2022-12-05,1,2022-12-05 12:52:53,1,212,9571203
263,PETE-46530,Permission_template # PETE-46530,26,422,1,2022-12-05,1,2022-12-05 12:52:53,1,212,9571203
264,PETE-50453,Permission_template # PETE-50453,3,107,1,2023-02-01,1,2023-02-01 13:28:17,1,212,1110
265,PETE-30354,Permission_template # PETE-30354,16,422,1,2023-06-03,1598,2023-06-03 05:12:03,1598,2079,3305052
266,PETE-17481,Permission_template # PETE-17481,16,353,1,2023-06-03,1598,2023-06-03 05:34:31,1598,2079,3305052
267,PETE-44088,Permission_template # PETE-44088,16,205,1,2023-06-03,1598,2023-06-03 05:37:35,1598,2079,3305052
268,PETE-49962,Permission_template # PETE-49962,22,22,1,2023-06-03,40,2023-06-03 09:49:46,40,216,3816083
269,PETE-20299,Permission_template # PETE-20299,22,27,1,2023-06-03,40,2023-06-03 09:49:46,40,216,3816083
270,PETE-12436,Permission_template # PETE-12436,22,398,1,2023-06-03,40,2023-06-03 09:49:46,40,216,3816083
271,PETE-24801,Permission_template # PETE-24801,22,422,1,2023-06-03,40,2023-06-03 09:49:46,40,216,3816083
272,PETE-25938,Permission_template # PETE-25938,20,22,1,2023-06-03,4008,2023-06-03 09:56:02,4008,212,3815320
273,PETE-82040,Permission_template # PETE-82040,20,27,1,2023-06-03,4008,2023-06-03 09:56:02,4008,212,3815320
274,PETE-34838,Permission_template # PETE-34838,20,398,1,2023-06-03,4008,2023-06-03 09:56:02,4008,212,3815320
275,PETE-76409,Permission_template # PETE-76409,20,423,1,2023-06-03,4008,2023-06-03 09:56:02,4008,212,3815320
276,PETE-86977,Permission_template # PETE-86977,20,683,1,2023-06-03,4008,2023-06-03 09:56:02,4008,212,3815320
277,PETE-86118,Permission_template # PETE-86118,20,1193,1,2023-06-03,4008,2023-06-03 09:56:02,4008,212,3815320
278,PETE-56526,Permission_template # PETE-56526,22,682,1,2023-06-03,4008,2023-06-03 09:57:38,4008,212,3816083
279,PETE-71189,Permission_template # PETE-71189,22,1191,1,2023-06-03,4008,2023-06-03 09:57:38,4008,212,3816083
280,PETE-86919,Permission_template # PETE-86919,3,1146,1,2023-06-03,4008,2023-06-03 10:11:36,4008,212,1110
281,PETE-77548,Permission_template # PETE-77548,5,682,1,2023-06-03,4008,2023-06-03 14:16:59,4008,212,20293
282,PETE-56766,Permission_template # PETE-56766,5,214,1,2023-06-05,2801,2023-06-05 07:18:10,2801,212,20293
283,PETE-43151,Permission_template # PETE-43151,16,115,1,2023-06-05,1598,2023-06-05 09:06:28,1598,2079,3305052
284,PETE-68550,Permission_template # PETE-68550,27,115,1,2023-06-05,1598,2023-06-05 13:26:10,1598,2079,16606063
285,PETE-77710,Permission_template # PETE-77710,27,191,1,2023-06-05,1598,2023-06-05 13:26:10,1598,2079,16606063
286,PETE-3830,Permission_template # PETE-3830,27,422,1,2023-06-05,1598,2023-06-05 13:26:10,1598,2079,16606063
287,PETE-66628,Permission_template # PETE-66628,28,422,1,2023-06-05,1598,2023-06-05 17:20:47,1598,2079,16614006
288,PETE-58773,Permission_template # PETE-58773,27,159,1,2023-06-06,1598,2023-06-06 17:23:46,1598,2079,16606063
289,PETE-69144,Permission_template # PETE-69144,27,179,1,2023-06-06,1598,2023-06-06 17:23:46,1598,2079,16606063
290,PETE-10392,Permission_template # PETE-10392,27,183,1,2023-06-06,1598,2023-06-06 17:23:46,1598,2079,16606063
291,PETE-47815,Permission_template # PETE-47815,27,189,1,2023-06-06,1598,2023-06-06 17:23:46,1598,2079,16606063
292,PETE-35889,Permission_template # PETE-35889,16,535,1,2023-06-08,1598,2023-06-08 07:53:22,1598,2079,3305052
293,PETE-41504,Permission_template # PETE-41504,16,539,1,2023-06-08,1598,2023-06-08 07:53:22,1598,2079,3305052
294,PETE-35964,Permission_template # PETE-35964,16,543,1,2023-06-08,1598,2023-06-08 07:53:22,1598,2079,3305052
295,PETE-57626,Permission_template # PETE-57626,16,547,1,2023-06-08,1598,2023-06-08 07:53:22,1598,2079,3305052
296,PETE-20588,Permission_template # PETE-20588,16,551,1,2023-06-08,1598,2023-06-08 07:53:22,1598,2079,3305052
297,PETE-47710,Permission_template # PETE-47710,16,555,1,2023-06-08,1598,2023-06-08 07:53:22,1598,2079,3305052
298,PETE-25816,Permission_template # PETE-25816,16,130,1,2023-06-08,1598,2023-06-08 13:39:34,1598,2079,3305052
299,PETE-56153,Permission_template # PETE-56153,16,230,1,2023-06-08,1598,2023-06-08 14:43:58,1598,2079,3305052
300,PETE-36354,Permission_template # PETE-36354,18,129,1,2023-06-13,1598,2023-06-13 07:36:26,1598,2079,3305059
301,PETE-4331,Permission_template # PETE-4331,21,22,1,2023-06-13,4008,2023-06-13 12:57:15,4008,212,3815329
302,PETE-52974,Permission_template # PETE-52974,21,130,1,2023-06-13,4008,2023-06-13 12:57:15,4008,212,3815329
303,PETE-75778,Permission_template # PETE-75778,21,422,1,2023-06-13,4008,2023-06-13 12:57:15,4008,212,3815329
304,PETE-28688,Permission_template # PETE-28688,21,666,1,2023-06-13,4008,2023-06-13 12:57:15,4008,212,3815329
305,PETE-4266,Permission_template # PETE-4266,21,675,1,2023-06-13,4008,2023-06-13 12:57:15,4008,212,3815329
306,PETE-87122,Permission_template # PETE-87122,21,1073,1,2023-06-13,4008,2023-06-13 12:57:15,4008,212,3815329
307,PETE-20202,Permission_template # PETE-20202,21,1185,"0",2023-06-13,4008,2023-06-13 12:57:15,4008,212,3815329
308,PETE-78720,Permission_template # PETE-78720,21,1191,1,2023-06-13,4008,2023-06-13 12:57:15,4008,212,3815329
309,PETE-35200,Permission_template # PETE-35200,21,1205,1,2023-06-13,4008,2023-06-13 12:57:15,4008,212,3815329
310,PETE-41231,Permission_template # PETE-41231,21,1253,1,2023-06-13,4008,2023-06-13 12:57:15,4008,212,3815329
311,PETE-59187,Permission_template # PETE-59187,16,22,1,2023-06-28,1598,2023-06-28 17:25:15,1598,2079,3305052
312,PETE-48788,Permission_template # PETE-48788,3,539,1,2023-07-12,1,2023-07-12 15:47:08,1,212,1110
313,PETE-82549,Permission_template # PETE-82549,1,231,1,2023-08-17,2805,2023-08-17 07:35:07,2805,212,1002
314,PETE-47556,Permission_template # PETE-47556,29,106,1,2023-09-05,31,2023-09-05 08:24:19,31,218,20786888
315,PETE-5985,Permission_template # PETE-5985,29,126,1,2023-09-05,31,2023-09-05 08:24:19,31,218,20786888
316,PETE-30174,Permission_template # PETE-30174,29,1253,1,2023-09-05,31,2023-09-05 08:24:19,31,218,20786888
317,PETE-69589,Permission_template # PETE-69589,16,1253,1,2023-09-20,1598,2023-09-20 05:37:51,1598,2079,3305052
318,PETE-49607,Permission_template # PETE-49607,17,1253,1,2023-09-20,1598,2023-09-20 05:45:16,1598,2079,3305055
319,PETE-47342,Permission_template # PETE-47342,5,383,1,2023-09-29,69,2023-09-29 07:50:25,69,779,20293
320,PETE-21069,Permission_template # PETE-21069,11,231,1,2023-10-19,69,2023-10-19 14:13:31,69,779,213025
321,PETE-65939,Permission_template # PETE-65939,16,189,1,2023-11-29,1598,2023-11-29 13:25:40,1598,2079,3305052
322,PETE-75943,Permission_template # PETE-75943,16,1286,1,2024-06-05,1598,2024-06-05 08:23:40,1598,2079,3305052
323,PETE-24765,Permission_template # PETE-24765,17,1286,1,2024-06-05,1598,2024-06-05 08:26:56,1598,2079,3305055
325,PETE-79899,Permission_template # PETE-79899,20,17415,1,2024-07-18,2801,2024-07-18 14:26:07,2801,212,3815320
326,PETE-46962,Permission_template # PETE-46962,31,17413,1,2024-08-02,1,2024-08-02 11:27:05,1,212,34129174
327,PETE-83324,Permission_template # PETE-83324,16,17413,1,2024-09-02,1598,2024-09-02 16:52:42,1598,2079,3305052
328,PETE-70007,Permission_template # PETE-70007,17,17413,1,2024-09-02,1598,2024-09-02 16:53:46,1598,2079,3305055
329,PETE-65302,Permission_template # PETE-65302,16,415,1,2024-09-04,1598,2024-09-04 09:08:12,1598,2079,3305052
332,PETE-4734,Permission_template # PETE-4734,3,33920,1,2024-09-13,1,2024-09-13 09:41:29,1,212,1110
335,PETE-7666,Permission_template # PETE-7666,3,45274,1,2024-09-16,4008,2024-09-16 13:14:31,4008,212,1110
336,PETE-42118,Permission_template # PETE-42118,17,149,1,2024-09-20,1598,2024-09-20 14:24:43,1598,2079,3305055
337,PETE-71508,Permission_template # PETE-71508,17,155,1,2024-09-20,1598,2024-09-20 14:24:43,1598,2079,3305055
338,PETE-87100,Permission_template # PETE-87100,17,413,1,2024-09-20,1598,2024-09-20 14:24:43,1598,2079,3305055
339,PETE-88329,Permission_template # PETE-88329,17,271,1,2024-09-27,1598,2024-09-27 05:30:57,1598,2079,3305055
340,PETE-40727,Permission_template # PETE-40727,16,1147,1,2024-11-25,1598,2024-11-25 09:52:26,1598,2079,3305052
341,PETE-79121,Permission_template # PETE-79121,16,1270,1,2024-11-25,1598,2024-11-25 09:52:26,1598,2079,3305052
